みずき20r 女子校育ちのおにゴムを外してこっそり生ハメ！中出し！,http://en.heydouga.com/moviepages/4183/014/index.html,http://image01.heydouga.com/contents/4183/014/player_thumb.jpg,2018-03-19,MIZUKI,Shiroto Hunter 'Mr. Pakopako' 
もえ25r ドMなメス奴_に拘束中出し！,http://en.heydouga.com/moviepages/4183/013/index.html,http://image01.heydouga.com/contents/4183/013/player_thumb.jpg,2018-03-05,MOE,Shiroto Hunter 'Mr. Pakopako' 
マリコ&みわこ ムチムチおさん2人と生ハメ中出しハ`レム3P！,http://en.heydouga.com/moviepages/4183/012/index.html,http://image01.heydouga.com/contents/4183/012/player_thumb.jpg,2018-02-19,Mariko Miwako,Shiroto Hunter 'Mr. Pakopako' 
みずき20r 女子校育ちのおにゴムを外してこっそり生ハメ！中出し！,http://en.heydouga.com/moviepages/4183/014/index.html,http://image01.heydouga.com/contents/4183/014/player_thumb.jpg,2018-03-19,MIZUKI,Shiroto Hunter 'Mr. Pakopako' 
もえ25r ドMなメス奴_に拘束中出し！,http://en.heydouga.com/moviepages/4183/013/index.html,http://image01.heydouga.com/contents/4183/013/player_thumb.jpg,2018-03-05,MOE,Shiroto Hunter 'Mr. Pakopako' 
マリコ&みわこ ムチムチおさん2人と生ハメ中出しハ`レム3P！,http://en.heydouga.com/moviepages/4183/012/index.html,http://image01.heydouga.com/contents/4183/012/player_thumb.jpg,2018-02-19,Mariko Miwako,Shiroto Hunter 'Mr. Pakopako' 
みずき20r 女子校育ちのおにゴムを外してこっそり生ハメ！中出し！,http://en.heydouga.com/moviepages/4183/014/index.html,http://image01.heydouga.com/contents/4183/014/player_thumb.jpg,2018-03-19,MIZUKI,Shiroto Hunter 'Mr. Pakopako' 
もえ25r ドMなメス奴_に拘束中出し！,http://en.heydouga.com/moviepages/4183/013/index.html,http://image01.heydouga.com/contents/4183/013/player_thumb.jpg,2018-03-05,MOE,Shiroto Hunter 'Mr. Pakopako' 
マリコ&みわこ ムチムチおさん2人と生ハメ中出しハ`レム3P！,http://en.heydouga.com/moviepages/4183/012/index.html,http://image01.heydouga.com/contents/4183/012/player_thumb.jpg,2018-02-19,Mariko Miwako,Shiroto Hunter 'Mr. Pakopako' 
みずき20r 女子校育ちのおにゴムを外してこっそり生ハメ！中出し！,http://en.heydouga.com/moviepages/4183/014/index.html,http://image01.heydouga.com/contents/4183/014/player_thumb.jpg,2018-03-19,MIZUKI,Shiroto Hunter 'Mr. Pakopako' 
もえ25r ドMなメス奴_に拘束中出し！,http://en.heydouga.com/moviepages/4183/013/index.html,http://image01.heydouga.com/contents/4183/013/player_thumb.jpg,2018-03-05,MOE,Shiroto Hunter 'Mr. Pakopako' 
マリコ&みわこ ムチムチおさん2人と生ハメ中出しハ`レム3P！,http://en.heydouga.com/moviepages/4183/012/index.html,http://image01.heydouga.com/contents/4183/012/player_thumb.jpg,2018-02-19,Mariko Miwako,Shiroto Hunter 'Mr. Pakopako' 
みずき20r 女子校育ちのおにゴムを外してこっそり生ハメ！中出し！,http://en.heydouga.com/moviepages/4183/014/index.html,http://image01.heydouga.com/contents/4183/014/player_thumb.jpg,2018-03-19,MIZUKI,Shiroto Hunter 'Mr. Pakopako' 
もえ25r ドMなメス奴_に拘束中出し！,http://en.heydouga.com/moviepages/4183/013/index.html,http://image01.heydouga.com/contents/4183/013/player_thumb.jpg,2018-03-05,MOE,Shiroto Hunter 'Mr. Pakopako' 
マリコ&みわこ ムチムチおさん2人と生ハメ中出しハ`レム3P！,http://en.heydouga.com/moviepages/4183/012/index.html,http://image01.heydouga.com/contents/4183/012/player_thumb.jpg,2018-02-19,Mariko Miwako,Shiroto Hunter 'Mr. Pakopako' 
みずき20r 女子校育ちのおにゴムを外してこっそり生ハメ！中出し！,http://en.heydouga.com/moviepages/4183/014/index.html,http://image01.heydouga.com/contents/4183/014/player_thumb.jpg,2018-03-19,MIZUKI,Shiroto Hunter 'Mr. Pakopako' 
もえ25r ドMなメス奴_に拘束中出し！,http://en.heydouga.com/moviepages/4183/013/index.html,http://image01.heydouga.com/contents/4183/013/player_thumb.jpg,2018-03-05,MOE,Shiroto Hunter 'Mr. Pakopako' 
マリコ&みわこ ムチムチおさん2人と生ハメ中出しハ`レム3P！,http://en.heydouga.com/moviepages/4183/012/index.html,http://image01.heydouga.com/contents/4183/012/player_thumb.jpg,2018-02-19,Mariko Miwako,Shiroto Hunter 'Mr. Pakopako' 
みずき20r 女子校育ちのおにゴムを外してこっそり生ハメ！中出し！,http://en.heydouga.com/moviepages/4183/014/index.html,http://image01.heydouga.com/contents/4183/014/player_thumb.jpg,2018-03-19,MIZUKI,Shiroto Hunter 'Mr. Pakopako' 
もえ25r ドMなメス奴_に拘束中出し！,http://en.heydouga.com/moviepages/4183/013/index.html,http://image01.heydouga.com/contents/4183/013/player_thumb.jpg,2018-03-05,MOE,Shiroto Hunter 'Mr. Pakopako' 
マリコ&みわこ ムチムチおさん2人と生ハメ中出しハ`レム3P！,http://en.heydouga.com/moviepages/4183/012/index.html,http://image01.heydouga.com/contents/4183/012/player_thumb.jpg,2018-02-19,Mariko Miwako,Shiroto Hunter 'Mr. Pakopako' 
みずき20r 女子校育ちのおにゴムを外してこっそり生ハメ！中出し！,http://en.heydouga.com/moviepages/4183/014/index.html,http://image01.heydouga.com/contents/4183/014/player_thumb.jpg,2018-03-19,MIZUKI,Shiroto Hunter 'Mr. Pakopako' 
もえ25r ドMなメス奴_に拘束中出し！,http://en.heydouga.com/moviepages/4183/013/index.html,http://image01.heydouga.com/contents/4183/013/player_thumb.jpg,2018-03-05,MOE,Shiroto Hunter 'Mr. Pakopako' 
マリコ&みわこ ムチムチおさん2人と生ハメ中出しハ`レム3P！,http://en.heydouga.com/moviepages/4183/012/index.html,http://image01.heydouga.com/contents/4183/012/player_thumb.jpg,2018-02-19,Mariko Miwako,Shiroto Hunter 'Mr. Pakopako' 
みずき20r 女子校育ちのおにゴムを外してこっそり生ハメ！中出し！,http://en.heydouga.com/moviepages/4183/014/index.html,http://image01.heydouga.com/contents/4183/014/player_thumb.jpg,2018-03-19,MIZUKI,Shiroto Hunter 'Mr. Pakopako' 
もえ25r ドMなメス奴_に拘束中出し！,http://en.heydouga.com/moviepages/4183/013/index.html,http://image01.heydouga.com/contents/4183/013/player_thumb.jpg,2018-03-05,MOE,Shiroto Hunter 'Mr. Pakopako' 
マリコ&みわこ ムチムチおさん2人と生ハメ中出しハ`レム3P！,http://en.heydouga.com/moviepages/4183/012/index.html,http://image01.heydouga.com/contents/4183/012/player_thumb.jpg,2018-02-19,Mariko Miwako,Shiroto Hunter 'Mr. Pakopako' 
みずき20r 女子校育ちのおにゴムを外してこっそり生ハメ！中出し！,http://en.heydouga.com/moviepages/4183/014/index.html,http://image01.heydouga.com/contents/4183/014/player_thumb.jpg,2018-03-19,MIZUKI,Shiroto Hunter 'Mr. Pakopako' 
もえ25r ドMなメス奴_に拘束中出し！,http://en.heydouga.com/moviepages/4183/013/index.html,http://image01.heydouga.com/contents/4183/013/player_thumb.jpg,2018-03-05,MOE,Shiroto Hunter 'Mr. Pakopako' 
マリコ&みわこ ムチムチおさん2人と生ハメ中出しハ`レム3P！,http://en.heydouga.com/moviepages/4183/012/index.html,http://image01.heydouga.com/contents/4183/012/player_thumb.jpg,2018-02-19,Mariko Miwako,Shiroto Hunter 'Mr. Pakopako' 
みずき20r 女子校育ちのおにゴムを外してこっそり生ハメ！中出し！,http://en.heydouga.com/moviepages/4183/014/index.html,http://image01.heydouga.com/contents/4183/014/player_thumb.jpg,2018-03-19,MIZUKI,Shiroto Hunter 'Mr. Pakopako' 
もえ25r ドMなメス奴_に拘束中出し！,http://en.heydouga.com/moviepages/4183/013/index.html,http://image01.heydouga.com/contents/4183/013/player_thumb.jpg,2018-03-05,MOE,Shiroto Hunter 'Mr. Pakopako' 
マリコ&みわこ ムチムチおさん2人と生ハメ中出しハ`レム3P！,http://en.heydouga.com/moviepages/4183/012/index.html,http://image01.heydouga.com/contents/4183/012/player_thumb.jpg,2018-02-19,Mariko Miwako,Shiroto Hunter 'Mr. Pakopako' 
みずき20r 女子校育ちのおにゴムを外してこっそり生ハメ！中出し！,http://en.heydouga.com/moviepages/4183/014/index.html,http://image01.heydouga.com/contents/4183/014/player_thumb.jpg,2018-03-19,MIZUKI,Shiroto Hunter 'Mr. Pakopako' 
もえ25r ドMなメス奴_に拘束中出し！,http://en.heydouga.com/moviepages/4183/013/index.html,http://image01.heydouga.com/contents/4183/013/player_thumb.jpg,2018-03-05,MOE,Shiroto Hunter 'Mr. Pakopako' 
マリコ&みわこ ムチムチおさん2人と生ハメ中出しハ`レム3P！,http://en.heydouga.com/moviepages/4183/012/index.html,http://image01.heydouga.com/contents/4183/012/player_thumb.jpg,2018-02-19,Mariko Miwako,Shiroto Hunter 'Mr. Pakopako' 
みずき20r 女子校育ちのおにゴムを外してこっそり生ハメ！中出し！,http://en.heydouga.com/moviepages/4183/014/index.html,http://image01.heydouga.com/contents/4183/014/player_thumb.jpg,2018-03-19,MIZUKI,Shiroto Hunter 'Mr. Pakopako' 
