某チャットアプリで引っ欷堡骏ネに弱い￥交JK2人M- 後,http://en.heydouga.com/moviepages/4138/010/index.html,http://image01.heydouga.com/contents/4138/010/player_thumb.jpg,2016-11-17,Kozue,Shirokan 
某チャットアプリで引っ欷堡骏ネに弱い￥交JK2人M,http://en.heydouga.com/moviepages/4138/009/index.html,http://image01.heydouga.com/contents/4138/009/player_thumb.jpg,2016-11-11,Erena  Kozue,Shirokan 
都内bLJKが超~バカだったので仲gとガチでやっちゃいました,http://en.heydouga.com/moviepages/4138/008/index.html,http://image01.heydouga.com/contents/4138/008/player_thumb.jpg,2016-11-04,Yuuka,Shirokan 
都内bいいなりLJKを女子校生と言いれるうちにカネにしました,http://en.heydouga.com/moviepages/4138/007/index.html,http://image01.heydouga.com/contents/4138/007/player_thumb.jpg,2016-10-29,Yuuka,Shirokan 
片H育ちの１Xrパイパン娘の父HのOと危すぎる秘め事,http://en.heydouga.com/moviepages/4138/006/index.html,http://image01.heydouga.com/contents/4138/006/player_thumb.jpg,2014-09-02,YUKI,Shirokan 
生活に困った乏な父HによりI者に婴椁欷皮筏蓼盲1Xr,http://en.heydouga.com/moviepages/4138/005/index.html,http://image01.heydouga.com/contents/4138/005/player_thumb.jpg,2014-08-29,YUKI,Shirokan 
摘k直前のJKリフレで盗撮＆サポ交h成功しちゃいました,http://en.heydouga.com/moviepages/4138/004/index.html,http://image01.heydouga.com/contents/4138/004/player_thumb.jpg,2014-08-26,KAHO,Shirokan 
LINEでったL野bJKをセフレにしちゃいました,http://en.heydouga.com/moviepages/4138/003/index.html,http://image01.heydouga.com/contents/4138/003/player_thumb.jpg,2014-08-22,SAYA,Shirokan 
卒I手前のJKを制服酆没幞幞螗些`が投稿してくれました,http://en.heydouga.com/moviepages/4138/002/index.html,http://image01.heydouga.com/contents/4138/002/player_thumb.jpg,2014-08-19,MIZUKI,Shirokan 
不Tれな援交でUもわからずハメ撮りされて婴椁欷沥悚盲JK,http://en.heydouga.com/moviepages/4138/001/index.html,http://image01.heydouga.com/contents/4138/001/player_thumb.jpg,2014-08-15,NAHO,Shirokan 
某チャットアプリで引っ欷堡骏ネに弱い￥交JK2人M- 後,http://en.heydouga.com/moviepages/4138/010/index.html,http://image01.heydouga.com/contents/4138/010/player_thumb.jpg,2016-11-17,Kozue,Shirokan 
某チャットアプリで引っ欷堡骏ネに弱い￥交JK2人M,http://en.heydouga.com/moviepages/4138/009/index.html,http://image01.heydouga.com/contents/4138/009/player_thumb.jpg,2016-11-11,Erena  Kozue,Shirokan 
都内bLJKが超~バカだったので仲gとガチでやっちゃいました,http://en.heydouga.com/moviepages/4138/008/index.html,http://image01.heydouga.com/contents/4138/008/player_thumb.jpg,2016-11-04,Yuuka,Shirokan 
都内bいいなりLJKを女子校生と言いれるうちにカネにしました,http://en.heydouga.com/moviepages/4138/007/index.html,http://image01.heydouga.com/contents/4138/007/player_thumb.jpg,2016-10-29,Yuuka,Shirokan 
片H育ちの１Xrパイパン娘の父HのOと危すぎる秘め事,http://en.heydouga.com/moviepages/4138/006/index.html,http://image01.heydouga.com/contents/4138/006/player_thumb.jpg,2014-09-02,YUKI,Shirokan 
生活に困った乏な父HによりI者に婴椁欷皮筏蓼盲1Xr,http://en.heydouga.com/moviepages/4138/005/index.html,http://image01.heydouga.com/contents/4138/005/player_thumb.jpg,2014-08-29,YUKI,Shirokan 
摘k直前のJKリフレで盗撮＆サポ交h成功しちゃいました,http://en.heydouga.com/moviepages/4138/004/index.html,http://image01.heydouga.com/contents/4138/004/player_thumb.jpg,2014-08-26,KAHO,Shirokan 
LINEでったL野bJKをセフレにしちゃいました,http://en.heydouga.com/moviepages/4138/003/index.html,http://image01.heydouga.com/contents/4138/003/player_thumb.jpg,2014-08-22,SAYA,Shirokan 
卒I手前のJKを制服酆没幞幞螗些`が投稿してくれました,http://en.heydouga.com/moviepages/4138/002/index.html,http://image01.heydouga.com/contents/4138/002/player_thumb.jpg,2014-08-19,MIZUKI,Shirokan 
不Tれな援交でUもわからずハメ撮りされて婴椁欷沥悚盲JK,http://en.heydouga.com/moviepages/4138/001/index.html,http://image01.heydouga.com/contents/4138/001/player_thumb.jpg,2014-08-15,NAHO,Shirokan 
某チャットアプリで引っ欷堡骏ネに弱い￥交JK2人M- 後,http://en.heydouga.com/moviepages/4138/010/index.html,http://image01.heydouga.com/contents/4138/010/player_thumb.jpg,2016-11-17,Kozue,Shirokan 
某チャットアプリで引っ欷堡骏ネに弱い￥交JK2人M,http://en.heydouga.com/moviepages/4138/009/index.html,http://image01.heydouga.com/contents/4138/009/player_thumb.jpg,2016-11-11,Erena  Kozue,Shirokan 
都内bLJKが超~バカだったので仲gとガチでやっちゃいました,http://en.heydouga.com/moviepages/4138/008/index.html,http://image01.heydouga.com/contents/4138/008/player_thumb.jpg,2016-11-04,Yuuka,Shirokan 
都内bいいなりLJKを女子校生と言いれるうちにカネにしました,http://en.heydouga.com/moviepages/4138/007/index.html,http://image01.heydouga.com/contents/4138/007/player_thumb.jpg,2016-10-29,Yuuka,Shirokan 
片H育ちの１Xrパイパン娘の父HのOと危すぎる秘め事,http://en.heydouga.com/moviepages/4138/006/index.html,http://image01.heydouga.com/contents/4138/006/player_thumb.jpg,2014-09-02,YUKI,Shirokan 
生活に困った乏な父HによりI者に婴椁欷皮筏蓼盲1Xr,http://en.heydouga.com/moviepages/4138/005/index.html,http://image01.heydouga.com/contents/4138/005/player_thumb.jpg,2014-08-29,YUKI,Shirokan 
摘k直前のJKリフレで盗撮＆サポ交h成功しちゃいました,http://en.heydouga.com/moviepages/4138/004/index.html,http://image01.heydouga.com/contents/4138/004/player_thumb.jpg,2014-08-26,KAHO,Shirokan 
LINEでったL野bJKをセフレにしちゃいました,http://en.heydouga.com/moviepages/4138/003/index.html,http://image01.heydouga.com/contents/4138/003/player_thumb.jpg,2014-08-22,SAYA,Shirokan 
卒I手前のJKを制服酆没幞幞螗些`が投稿してくれました,http://en.heydouga.com/moviepages/4138/002/index.html,http://image01.heydouga.com/contents/4138/002/player_thumb.jpg,2014-08-19,MIZUKI,Shirokan 
不Tれな援交でUもわからずハメ撮りされて婴椁欷沥悚盲JK,http://en.heydouga.com/moviepages/4138/001/index.html,http://image01.heydouga.com/contents/4138/001/player_thumb.jpg,2014-08-15,NAHO,Shirokan 
某チャットアプリで引っ欷堡骏ネに弱い￥交JK2人M- 後,http://en.heydouga.com/moviepages/4138/010/index.html,http://image01.heydouga.com/contents/4138/010/player_thumb.jpg,2016-11-17,Kozue,Shirokan 
某チャットアプリで引っ欷堡骏ネに弱い￥交JK2人M,http://en.heydouga.com/moviepages/4138/009/index.html,http://image01.heydouga.com/contents/4138/009/player_thumb.jpg,2016-11-11,Erena  Kozue,Shirokan 
都内bLJKが超~バカだったので仲gとガチでやっちゃいました,http://en.heydouga.com/moviepages/4138/008/index.html,http://image01.heydouga.com/contents/4138/008/player_thumb.jpg,2016-11-04,Yuuka,Shirokan 
都内bいいなりLJKを女子校生と言いれるうちにカネにしました,http://en.heydouga.com/moviepages/4138/007/index.html,http://image01.heydouga.com/contents/4138/007/player_thumb.jpg,2016-10-29,Yuuka,Shirokan 
片H育ちの１Xrパイパン娘の父HのOと危すぎる秘め事,http://en.heydouga.com/moviepages/4138/006/index.html,http://image01.heydouga.com/contents/4138/006/player_thumb.jpg,2014-09-02,YUKI,Shirokan 
生活に困った乏な父HによりI者に婴椁欷皮筏蓼盲1Xr,http://en.heydouga.com/moviepages/4138/005/index.html,http://image01.heydouga.com/contents/4138/005/player_thumb.jpg,2014-08-29,YUKI,Shirokan 
摘k直前のJKリフレで盗撮＆サポ交h成功しちゃいました,http://en.heydouga.com/moviepages/4138/004/index.html,http://image01.heydouga.com/contents/4138/004/player_thumb.jpg,2014-08-26,KAHO,Shirokan 
LINEでったL野bJKをセフレにしちゃいました,http://en.heydouga.com/moviepages/4138/003/index.html,http://image01.heydouga.com/contents/4138/003/player_thumb.jpg,2014-08-22,SAYA,Shirokan 
卒I手前のJKを制服酆没幞幞螗些`が投稿してくれました,http://en.heydouga.com/moviepages/4138/002/index.html,http://image01.heydouga.com/contents/4138/002/player_thumb.jpg,2014-08-19,MIZUKI,Shirokan 
不Tれな援交でUもわからずハメ撮りされて婴椁欷沥悚盲JK,http://en.heydouga.com/moviepages/4138/001/index.html,http://image01.heydouga.com/contents/4138/001/player_thumb.jpg,2014-08-15,NAHO,Shirokan 
某チャットアプリで引っ欷堡骏ネに弱い￥交JK2人M- 後,http://en.heydouga.com/moviepages/4138/010/index.html,http://image01.heydouga.com/contents/4138/010/player_thumb.jpg,2016-11-17,Kozue,Shirokan 
